24cbeff65af9b8285e3335409e5cbcadf52d46377a60650053f390fb8b326d4c,bash,alvaro-pereyra,256,268435456
417cf77b88885eaeea58f7408f252b6fd541a899f616bbd46b6cbf55bdfa683f,bash,alvaro-pereyra,256,268435456
3d5e4dcb0f2ccada67c7501dff40a8e67ed9c5711cc9f410a41e588149fe2fc7,bash,alvaro-pereyra,256,268435456
3f565ccbe22cab09a8bf2644bab439ce03391a958a5e7f261f76824c82649e2b,bash,alvaro-pereyra,256,268435456
a1a6cc7bda667c3188c61cb9563ea297d9538757134ee61b865c9fcde5ed7f00,bash,alvaro-pereyra,256,268435456
a16b40a4b6e870890853d00d296b97253380fa33a65ed6b8addb78c8ec96869b,bash,alvaro-pereyra,256,268435456
387a9caeaf00a39d64a634ea6c8b4d8873ab95d9358bec3d3e0eee5dcf252d2a,bash,alvaro-pereyra,256,268435456
2ec82c885fa5cf0dcc1a7648e8e1cdf129f3229b65916202c9338d45cc34b63e,bash,alvaro-pereyra,256,268435456
714ca49d8633ef532e82d5c37ab39e39bf164e690e698fa965a24d960904eeee,bash,alvaro-pereyra,256,268435456
12824dde02a4c49c899c6cc4c2cd0990c8fd16e78b4270bfde4e03c673fbcb88,mono,alvaro-pereyra,256,268435456
aa0e1bb43be4e1da35673235cabb87d458d4e19802364a9a3e765811478ec9a5,elixir,alvaro-pereyra,256,268435456
20e915daa34589191ae6b5eff705b886e7f963a9475cd763d83f570d78623f6a,elixir12,alvaro-pereyra,256,268435456
548dba85eb29b8f59c7ff914af263b814cd18cdcd55e9a6facf254cba95c90e6,go,alvaro-pereyra,256,268435456
de26c57470f0c7e5d80b56c0f0616f19c5b8e9324d530ef14e8d64fc605b26cd,nodejs,alvaro-pereyra,256,268435456
5443a50f25bf4bba46176fda0a8b3ae45295afc42c255255878bd70eb9167708,php,alvaro-pereyra,256,268435456
c2ef88d251121c96fda509518d236a5f09af3a6722ee1a77b9f196b440890726,php7,alvaro-pereyra,256,268435456
a71b044a0c9abdf11b7aa741e8d21cd56b25a7413397abe37f440e944d94dcad,php7,alvaro-pereyra,256,268435456
52cac58568f3c1941a960c5004918564b5bff7c912e1d24d326c173b371b4de5,php7,alvaro-pereyra,256,268435456
2de7e138054095d7c13b11f6ffb2fd8bcba866a96896215291c96fefdec634db,php7,alvaro-pereyra,256,268435456
a7e2e00ed2b5eb7573757ab093adcc53991f2ad5663f2404314a510a79f480f9,python,alvaro-pereyra,256,268435456
f472451966aec025851513f1fdc8574d89996f46a86abd3e03b2084bb4f18f0f,python350,alvaro-pereyra,256,268435456
ac5bdc654dbca6d917e25b1ffcf117cc32afd0d22fe91fc671aa1764ce60a811,ruby,alvaro-pereyra,256,268435456
0cb5c51e7f60dc6eeb3a7b0425b76e18007f65e00038529887a0663a0d7a1df3,ruby,alvaro-pereyra,256,268435456
c96c0140812e1ef8d26acdfd43efa610b5aef132ecd8176124a750b7ad701dbb,ruby23,alvaro-pereyra,256,268435456
7e9fa5e805c210becad67dd593ee41fb89884f3f0200a64eb66efdbcd06c8e79,ruby23,alvaro-pereyra,256,268435456
c535410044dc53f6036ab14adb9e4350a077f6d4111a25d726a44a3b1ca846d1,laravel,alvaro-pereyra,256,268435456
cfe40cfc76747a53116430f4a12292a3c98a30343b646e01bd1d465d2b4f1d85,laravel,alvaro-pereyra,256,268435456
c0089b12aef8ae5028655fdf9cb709d642870ca6c7f49739af90cd241fcd6ede,phoenix,alvaro-pereyra,256,268435456
a7e8227e5bbd6d4e2cd8cd37464167914c20598fb508beb11966d2a130bc9169,rails,alvaro-pereyra,256,268435456
b79a67de362c9008026753921711d02ba78ffb72a68bc71fca20cf1172cf45f6,python,hacking-con-python,256,536870912
d3133048b7b5c26431b5440c3e698ca4099a06bf554489674f94dd0254b593de,tensorflow,alvaro-pereyra,256,268435456
5c6a35212dcd3af0a33678c5e59159c42294db00290214e22e403ac27396574c,python,hacking-con-python,256,536870912
987b258c143942ea6cc2b54a090572bee28df8a1e1b3bcf333478d564518bdcd,ruby23,omar-saul-morales-ibarra,256,268435456
bafe55a547e4bcf15bfa2b53246bea08c9dc24bb3b3e12a537e6c461788f24da,ruby23,oggero-pablo-hotmail-com,256,268435456
845e8380fb1f3d91236f7a98c7658b524f27978649c9f01db7824826acbfc7ea,bash,miguen-palomino,256,268435456
1009e28caebc6eb14f7b212257fdbc42c8605db20c30122c847e59c323c06ee7,bash,pranav-chendur,256,268435456
fca2584f3b5bd1e71f643a37e4fe4d242180b574bc81c358e0598f99a2573a02,laravel,danmanruv-gmail-com,256,268435456
4fa4413b448d19353f1da503b0aacee4c1da0a66d225982772599b77cae3df8a,ruby23,danmanruv-gmail-com,256,268435456
f17fdaec885f499778cd20b27bd0bfd2f9fa41c9e20fa514c3dc3942e4b6f3f3,ruby23,danmanruv-gmail-com,256,268435456
50e7b51c92810c6d5726efdae217780afc22720604e8f7064e63d403ce201385,mono,gpguru04-gmail-com,256,268435456
44c5317b20f51ff80c8f33a14d6004a8df91363aca502f2727588109e75e5096,mono,user990624-gmail-com,256,268435456
b7beafa37644134b74e28dc09ca35bf1e02245f9adff1a6c482618395bccbd22,redis,429240967-qq-com,256,268435456
099c638043aa37f521237a8ea464089edf4faab0ec4d2a40e73acda4f57f1150,python,dreeves-beeminder-com,256,268435456
1d887ceb57b764b1436a4c03e8913c2ff972e17ef7330e3ab0642b9aaf818846,python,hacking-con-python,256,536870912
616a680a8e964483ac6db37e59afab35c8817af973b7fe24e60493f497e0c3c3,mono,denny-huaman-mayta,256,268435456
9fbf05c9dde1ba03d2371050be60e24b1f2b1f6919eca0566a315090416a4c3f,ruby23,join_mg-hotmail-com,256,268435456
aec648cb97b4251f204f08fdcfcf0fddc5c3841efac5fbcc4a5b1ad0555c6704,python,hacking-con-python,256,536870912
0b9ab0df5b262f892b3ffa42a0ffe81c42fb49f5076918e4432fca3bf098becd,bash,joel-franusic,256,268435456
c41af2f24004f1448613b5d1eca4ce0099ee14e919a3fe34b03a857ee44ffa5e,bash,ccxsungodzzx-gmail-com,256,268435456
763c503471ded5229df1725d59095c3995ed8771e8e29cceab23e89d8e4075f0,bash,alvaro-pereyra,256,268435456
48caef4999333651fc11c2da3853d359d0fb868c25c3abe6ba240f5a9c2fab53,bash,alvaro-pereyra,256,268435456
459179cfd317ce9d2596b94b03d9f2aa3ea5c88261076987cf4ed85efcc2bf31,python,hacking-con-python,256,536870912
2dca8fa6f2642f7d5f68ec28a213fd62fa494c547afa913acd910883312fb025,bash,yvane-hotmail-com,256,268435456
b374df639d9f0cf7339204d62f39e6b032a16ba563767f10549f8bf9e78dff06,ruby23,ti_heiner-hotmail-com,256,268435456
bdf977ccee47f75ec172b6ca5ac5202fb9b3ff98b7d69b6f5088cd80d428f4dd,python,hacking-con-python,256,536870912
e0ab2766ff90ccc4878f63b6b0f08912d6028b22a49f2b5d53a4083b33eff2b8,nodejs,javi_ramirez-hotmail-com,256,268435456
c007442446e3ef1c1a90b99905ebfbaabfeb2214189ff360db3076e1e99fc22f,ruby23,omar-saul-morales-ibarra,256,268435456
78c5301d10eb6907d733bc6c4c3e096bde3ede4f9cf198afa4b083b4336f43f2,nodejs,vicente-mino,256,268435456
cdda9e9cd6e92a8cd4ed26356b5e58ea872c2dd87177e73f11ee660ee019a701,ruby23,daniel-subauste-oliden,256,268435456
b1a9c094bb0265e1368643eaec0a85f19f3f8a0c34e2398a75c967be7a8f5621,ruby23,m-muchotrigo-gmail-com,256,268435456
254da2e1044b440317ad9c5deb5e9407e1198dad30c222de802baf8c518e2c2c,ruby23,luisgus10-hotmail-com,256,268435456
e0b632d0de3b346280aac7ae110eaa04f5d39c52c0b2382f108f1164b7884a59,ruby23,m-muchotrigo-gmail-com,256,268435456
2967fd3e943a24450418d7994da01a86b3beaaf02ef3e0a4fd0377f746c2f4fc,ruby23,jean-lomparte,256,268435456
0617be83458f7ca4ce463adf07bf6c18369e0292725d1355d1653444ed8736a6,bash,alvaro-pereyra,256,268435456
a1f81ca14a864916699ca22cb0c42c8e04bfbbf4b962f606102989d2aa089cab,bash,paulo-olmedo-gmail-com,256,268435456
81b05c8f7147b5c162a5d64865ecfe5e2e971366fff9097f2b0efe12e097d69f,python,hacking-con-python,256,536870912
8a857c9cee2d2f05e5e090870bfe1e614660072b20bde7f98a837c7db0325e5f,python,hacking-con-python,256,536870912
8016796e1f48434786da0f1b48d0603219e46680a1dc5883b74cf2d7ebd2f012,python,hacking-con-python,256,536870912
fca62a4f9d632d53d288aca3f62fd82fad41a4b0e385193205f29bb404a9041b,nodejs,trevorhreed-gmail-com,256,268435456
5e2bfed648a3223a6d50461b3f6f60e8d272def13e78a19a941d91af87cb2158,ruby23,jairoortiz19-gmail-com,256,268435456
2c068f5c7313cd89bb3282c9fd6c7cdcb6db1e3dc275ebc18dd48258cb6dfcb6,python,hacking-con-python,256,536870912
f1468232dd9acb3921201212aeb2cc66d295faeb6812e369a19637e6b7f9cb79,python,hacking-con-python,256,536870912
3edda507b4c12f43adecebe2d7bf00a4ed6fff37909e04af1abf5a22ad0349b6,python,hacking-con-python,256,536870912
f0008e527b16bcbd373c6609b4269ce1d275aa81ddb46f055428b86b946216a3,python,hacking-con-python,256,536870912
faa1e93854e66662db687950e110c305201be4fc767276a5eb9eb1284e5d6a3c,python,hacking-con-python,256,536870912
7ca0f89acd80e6aadcf897288cd00a6dc1982c9e66ebecab06ee91aa3a2b057a,python,hacking-con-python,256,536870912
63d872f9908219c896fcd836d02c9146ea44cd6702e17ba3e3a4211bd6ba4709,python,hacking-con-python,256,536870912
5d9cf576482a2839fa9f437c2849262e585c725ae33dbc5ab952ca33c3164baa,python,hacking-con-python,256,536870912
7c6663b74095f492a5b80d894154171bfc9aa7df047afacffa611d1b7a6f3b16,python,hacking-con-python,256,536870912
7c09d43b75fa869416351445831e094a101d725e0645c90b7b05c979f1b839e7,python,hacking-con-python,256,536870912
8ad3e2e6baac24fdca28d9a429322c3b0982f8bcfc288ac2ffd5925d8c7acb43,python,hacking-con-python,256,536870912
829348f5fef060bf923c514c08c85b0c29b769763d470eb8c05c8d6b15cecd85,python,hacking-con-python,256,536870912
dbd9d676b1e653a9139552b8c654821dd9a098a6c3cbff1f402541d20d4cb7fa,python,hacking-con-python,256,536870912
ec29adcdc68d575f05c25533efb3742e2e0af61b915e459c41d8d28670f52e39,python,hacking-con-python,256,536870912
24e4802a530f2af3485a62087e51ec00ecc5d6afc7e641c28e2379356a56ccc3,python,hacking-con-python,256,536870912
6b19e82d4dd8c004c6f8bcc9a421d589fd13818effdbac115ad010efdcd6f34b,python,hacking-con-python,256,536870912
febd6f49a088a5963116d062b91cacdd5c8f47af479f20f7fd47cb4d8a413105,python,hacking-con-python,256,536870912
6ca783a23ce8d1b4f31e889815eba06cee40bb3b593f00f970bec57326c2c844,python,hacking-con-python,256,536870912
62b0db09f8f9ca86d82cb9f6f8f80e7bbaa52421238e42f7f063a6d52196f20c,python,hacking-con-python,256,536870912
df60c7536ae6e5f21043bf7a93f428e165a2bc76e1fe391244c4a28bbbd18e67,python,hacking-con-python,256,536870912
a8a712847a46cf09a2b97a13873acc158aa0d4134dde8e1695df9a2857216025,python,hacking-con-python,256,536870912
56b5fe4842b577f7e2a125703f9bab774bc1980ad43db8b8e06c350de2fef9a8,python,hacking-con-python,256,536870912
fa2c06a3e77166f65c2859edf861dcce41842c455f431bf4158444a02ab0c325,python,hacking-con-python,256,536870912
b5e0257d0028b2963ca5fbc692405652ccf040f29f2316994d6fc70a260d1e0d,python,hacking-con-python,256,536870912
5ccd3891c10371c186f4ef8bde44189e96bf611b73b976667baa4f5f8f9220df,python,hacking-con-python,256,536870912
e2e86aa0ac8be73b66dff9aa72221b3b041f3ede1dcf14c629c998b533753052,bash,ynonp,256,268435456
cda4556eb8b3176ab4c86c1495b59aabc85198cc6d76d36cdeb8f3e087feba8d,ruby23,gustavo-sigex-gmail-com,256,268435456
53e5cfd95559dc7c9806739d95ee54ef66edcbe78762e327a520f6b22b7fc0f5,nodejs,rafael-rangel,256,268435456
e62709da7bf61267e03589d69e3aa27673bf39344a6c9c1350415303fedb04c0,rails,gustavo-sigex-gmail-com,256,268435456
fe7dc939e10bb976540ec175edc5016e49d4064272fa0b83ad11e0b4134befb6,ruby23,israel-del-angel,256,268435456
15131e0a0d114d236f98c982020548dfc89be8c809c9fd9d48881d29f35db376,rails,marik-hotmail-com,256,268435456
eb9fa5d0908626f2a9448ed0828a9232ddc477041a646abcb61872b84b03e498,bash,holaaaaa-hotm-om,256,268435456
7aacd46a4b3f1dded1faaeebaf93fe2ccae3b982bf159baa442acab6b7ce16d3,python,hacking-con-python,256,536870912
c5bdae827cc81c4bc428728ef1694cdd957305b31b4b19190c92a1fe0f6cdf95,python,hacking-con-python,256,536870912
d125c59b1ea9700c58e67da83c30849f06f58815d222d1d64fa4e185e4b0354a,python,hacking-con-python,256,536870912
72c9a2ebf3ef2b74a638858d97412984124ee07d42f8626fc7c6e04b0ea98240,nodejs,holasoydalaservicios-gmail-com,256,268435456
4317f1a7bd29f7994ecc61e4625fe9c66c73fe16074383f219ba625f25f435e7,ruby23,javier-riveros,256,268435456
a25a53116a1fdd5ce67ab7040b43f207e89a93bcc5a2d06ea9decfdb3686c357,ruby23,kenneth1870,256,268435456
e6760fd3d515dc81665f22900be1fd8f5d22d58ef2e6b3562c6552c3e184a2ca,python,hacking-con-python,256,536870912
6b0063002f7bebc1969a3c8732ad02bc9be671793d041802737f565809fb651a,nodejs,ignaciolaffey-gmail-com,256,268435456
65a6d23b8ec0e348c5a11196790355dce06cb0199009d9f2048f3cecdf4ef97d,nodejs,ignaciolaffey-gmail-com,256,268435456
9e1ed3aeb08b75a5dc7407480a568a4403b87da5784674bb5920b00e866aacaf,nodejs,ignaciolaffey-gmail-com,256,268435456
f07c3c0b835d4fd5831464993d2ad1920fe03611dafc1f2b537b801f96117cae,python,hacking-con-python,256,536870912
b7118e986d2e1d547fa31ddba55828000c1edf6a4f357d5ba26d56b9f865e5d6,ruby23,kevial-orb-gmail-com,256,268435456
f241da6bbe928a3f16bfa4640f71173a8cb8501b267f90ae6cb173fa35429a52,rails,carlos-bravo,256,268435456
413f389b6b2531bbe98550bf1a724060bc2249fad153eeb7971d7f3e4a2d1f04,ruby23,carlos-bravo,256,268435456
fecd4a81b30a48f7e3fb4686be7298f46b35f88ecd1809c8dcbac775f5f64ab5,python,hacking-con-python,256,536870912
99c9e572dd61b3444036b8a2b662cc42c442384c2b99f60ecd46ec1be6f1a0fd,ruby23,gustavo-leon,256,268435456
064efae946e5d61637f24328762edc4884391f822fe0d1f16ae7a9fb116bcf51,rails,rodrigofigueroa-name-gmail-com,256,268435456
2d0ec4aaef16c96664b4f997b83382b7b7638112746bc3edf27ae56400873815,laravel,oskie-mesasix-com,256,268435456
e653f8f06b41ead38793c357ab888134cf27466912dd6d3662712d57f51f8c5e,ruby23,hector-paz,256,268435456
95e3560fb860ca3f1cc2a4470dd247c6362b7d0703d463486b8c6465056f3389,ruby23,kattya-cuevas,256,268435456
a75af5f269e300e66ac74d2b5b10af241e1ce7f9b34137e1b4a3a50ed5b3f994,bash,pablo-noel,256,268435456
d327cf253e3778d10ef05cc2c57c7e3ff012d60b2122d6798b861bc7c4231653,bash,pablo-noel,256,268435456
3e6c1a93d4f4f8cdc2c598c8d833aeff1523e97fd376d102dbc4b60f51619858,ruby23,nigel-davila,256,268435456
a354462b7eace9dba197260cafcabfe4fd0e54653421257280da2dfc6eb7c9e3,nodejs,fran-peagonza-gmail-com,256,268435456
76791b9221c8eb95be92e4095cbf930220cbbf8300c52f0e48f3e05adef40ea4,go,dominguevictor-outlook-com,256,268435456
2fd7bd561c75798811dc0c8bb9f8b083a2df4710d882ef0466abfadfb67c954e,ruby23,juan-f1894-gmail-com,256,268435456
4b2c778e7ef2f12335178311b2c83c8be873c3d912428f84504d6932b8510515,go,diaobao-your-com,256,268435456
69991b7584dec629015076921ddc595a0f98d0c4535f91d1d8f38f55da6457c3,nodejs,carter-twilio-com,256,268435456
bb6f4145755403422f44fa3fc06126fe60dcbf585b68cff4382cef0653ec3a38,ruby23,rodikuman-gmail-com,256,268435456
f2afd81eb7530d7ec521a023dfed3c66067d4bcb125ae95bfb5dfd29f1686b0b,ruby23,rodikuman-gmail-com,256,268435456
53acbc5b70909af764286f539ff405add793c1e1884b25c9eba4ff552bd638af,ruby23,alan-hernandez,256,268435456
e4819449b1f0bd7023c429cae2af52836119ef148e111edc6d3e622c03aaf750,ruby23,nicolas-gardiol-hotmail-com,256,268435456
1d6960c8354112a42829995c25218cc2b7e88a4d00db84bc777c40db80f0baa3,mongodb,nicolas-gardiol-hotmail-com,256,268435456
c044882fd6cbae37128228cde83916b043f2207cad4a6edf2b0e11e682c4c953,ruby23,alejandro-m-gomez-92-gmail-com,256,268435456
bd6e6f07072f777633ca6afe0d24afcb6110b20db37b84698aafe9f599dd0520,nodejs,alan-garduno-iii,256,268435456
f2996bfc810b986d6aa01f4270824c2eb591d9dd7687ae66677606393bcb45e2,ruby23,felipe3dartist-gmail-com,256,268435456
50be7fabbcce472fa13c58175afd2b925d17c93f8cb692eddec7f9f98a7a72cf,nodejs,osiris-lpz,256,268435456
f49102dadc047000c703432aee67041941292f78e3cddb553a05b4a28be682a4,ruby23,eduardo-velez-santiago,256,268435456
3cf6d847ce8b7eb79dbb7f90f63dbf57976f3c27a9387282cd38089d5b433c2e,python,hacking-con-python,256,536870912
2449ce9811b22e6eada5fe0bac9523abb063ca006846bceeef01a0baab84318e,python,hacking-con-python,256,536870912
ae928cdb55ff41a5bf52200980b32e6b1332e741681ae03c44394430ae058ef7,python,hacking-con-python,256,536870912
61866d8c4769ad35389e9bd96e299f1f31e1b140f79260088ff5e25e4d9b9f55,python,hacking-con-python,256,536870912
a304e23faf87fbf5acf70f3f956d4c2a38b59f229b29706743d3e2a9569dc673,python,hacking-con-python,256,536870912
b14d73d8b770b3b8d86b822f08fc5e645612462ccf51b53194d2c7db0be9190c,python,hacking-con-python,256,536870912
047614c2830a196707ebd9197951ec7631ae44c4868a180b2eaa94a233d8fa9d,python,hacking-con-python,256,536870912
95d7c7e0d1f55286690c5e0f269ec57ec2e045827490aab469591377c60604df,python,hacking-con-python,256,536870912
05d3413661e2608e7ae08757f8f6e6d75644e6951b90b3e22e0800c4c3e0bfc0,python,hacking-con-python,256,536870912
441ce2f04f21c003169f6895c9ccd38be487396d59cc1cf559117eaf0e01dcfe,python,hacking-con-python,256,536870912
b3d1065b807045593fd7611de5830269a5b42a98bd0d084782b451ef8fca6a5b,python,hacking-con-python,256,536870912
c62e3835fc8c921c19ff598ab9adfe361698fba81539917d9717bb4be83828f6,php7,imzeeshanc-gmail-com,256,268435456
1ee2891f23cc234ee743bb77a043d08d070247d6762a1a0019c29986e4e045c8,python,hacking-con-python,256,536870912
af21ae8ddd0eac10d4ca41c0968bd6f648a10ed21930b626b857198417570ba3,python,hacking-con-python,256,536870912
633271fbe46ec9263ade26dea2d2d6de699c8760d7a7f013859e85fe848d8d24,python,hacking-con-python,256,536870912
6902642ad0662d517993f1788914b09818fd231ae72cf1b4b255bc78d19316cb,python,hacking-con-python,256,536870912
0ef07f7a6ed547ac5c9925c65fa5aaee65932c60f099d2074a663ada075d1fca,ruby23,nicolas-gardiol-hotmail-com,256,268435456
5aa01d338a87e1c804723af5c23d7d5a19be056833893c9edc9d8b59ea5c0d87,python,hacking-con-python,256,536870912
8ac7e478d955131164d8d7b0880db8aae8cc618eca4cb7ff7df6b78fa8cc6e69,python,hacking-con-python,256,536870912
cb911808167cdad76e0071ead0b22715d9db4a3d9fcc5edea975d7f23a04a973,ruby23,luisfdez1992-gmail-com,256,268435456
96cad63fe5f5a8f2565de86358b826bdcfa91dd578babb34af7b083c4ec2294e,python,hacking-con-python,256,536870912
6e448327568724a3799182f24e751b792ef50dec297e47dacc23be72481cc59c,python,hacking-con-python,256,536870912
39a06505cb248aa2ccf2a71658c9f3bbec02a85b8dfb5cdd693117df9477ffe5,python,hacking-con-python,256,536870912
9a8544afc047ac92126c9678275469b6e64e23962a59b22096d161647ad02f5f,python,hacking-con-python,256,536870912
c89f7ffd959e4eccfea4c3f36f2c4f490eefed26975823a10881ae02b818b731,python,hacking-con-python,256,536870912
718fbf3c34bb271667cc5313ab16cf5d54689f9d08975624d6052f46858ffb86,python,hacking-con-python,256,536870912
f12dffc3be59bca740650da5962993e708c56b0479be504a394feffbd26b6e79,python,hacking-con-python,256,536870912
77b8c4a885c51bca9ec0cd9a00c566d24d38840a71a6c6f69a1071483927723a,python,hacking-con-python,256,536870912
5f7652ca4c632463660d253edfc9319f5a9baf4f7e6b3e721dac9ecefcf11d8d,python,hacking-con-python,256,536870912
0061a7e7d07d9ab1c953d9887c1681d975a25d0ffc40dda8208efc16cc67bc02,python,hacking-con-python,256,536870912
7ae454477c3c052013f655d4ecc7a152812f3d93b9c48de02dff57248b086527,python,hacking-con-python,256,536870912
f9f54b34264ba2d46b97a268a3c3291fae98c3501e502be5c672b81cca078041,python,hacking-con-python,256,536870912
375652dd5920404b885ece1cb533a070f3c3ad51e7f7cc5df758065a44eaaecf,python,hacking-con-python,256,536870912
1e66297b1632c36970b400cbf1692e423e042359d7aae7617ae8b742a53fc4ef,python,hacking-con-python,256,536870912
306de67f965d7e0fb9accc13c49bc5371bd75f168b26806e79e0feee7e1551f2,python,hacking-con-python,256,536870912
e4fe5f5893602f77bf7961d0437db91b32289de6b8eba4e4b800675f53d48aaa,python,hacking-con-python,256,536870912
5d819c9069d19ddca3b888bdcdbfa032194d5923f11e79036f64ec22bd01c0e2,bash,reclamos-gmail-com,256,268435456
d934cdf56beb998333f70df04392f36f4c8786802dbcfdc75157c6a0a329c3db,ruby23,jchico26-gmail-com,256,268435456
bd2391f4a14fc43212ec3b140f1913e7f085f365188987eb468f6981228f36af,bash,gustavo-leon,256,268435456
96a7567247decc630b7b1c5a01eb47d136b4b6d632763b25541ed04b46b4707b,python,hacking-con-python,256,536870912
13542f6ecc396794df53e4e15e2f1ae42a55c71bc14f1a691a36693c26c8078f,python,hacking-con-python,256,536870912
f03bb82bf7e7b8b8f82a0aad5f7bf74746960b10cd864ea6c69717fe4fd2ad47,python,hacking-con-python,256,536870912
7b2a59e07d9c07feb3a3c7dbdddd59c58cd9869d5cdf4dd34016fa8079de6649,nodejs,miguel-angel-castaneda-vasquez,256,268435456
8c1fb32798e119db973a858b63545c31d76f1b6b52e9cd17efb722a5610bbef1,nodejs,miguel-angel-castaneda-vasquez,256,268435456
76525571e822a9a83ead8d0ff032193caef611e6f169d4caccf4fedb8ad36670,ruby23,gustavo-leon,256,268435456
e699fdbff190ddc147115aecf4807e1d0446d05d2a20035cd72a0bcc2167ef46,python,hacking-con-python,256,536870912
188ac3c7c2612cfefe808ceb3d17f97d7eb7681c17d9f0741191224d02296b00,python,daniel-valenzuela,256,268435456
5b4be17d347f98761ce1e8fd8e21a604d2fd2feaab5f2890bd48e51a56dc0319,rails,deibygomix,256,268435456
0ff38640e357137e71c20265d7ed4d65978a785f9e2fbb751d8ed8c3e75d422b,ruby23,gustavo-leon,256,268435456
temp-223953-1459125904,ruby23,gustavo-leon,256,268435456
416230b423c39b003b6d75d9d54a2b4379733666894c51cb7636f2081ff9f28c,ruby23,upcase,256,268435456
b8fc4915675bebf973bb1d56c59abbf9f4608a70cf849d8d85248e4c29477034,python,hacking-con-python,256,536870912
fa41c5d05d2c5d449dd29a19626fd8e94941abfd7c9b7466e47a82cc4286c8ca,ruby23,upcase,256,268435456
88645786d9935d70b419d79476b1602b9d4c4bf0554be3cdda0f684281cd02b1,ruby23,upcase,256,268435456
a4de3767aeaa6c6fbc411a90d77cee3903af7be1a1321091f65f1b701f147f78,ruby23,upcase,256,268435456
25f2276c5e89e355e0340b47167880003cd005a7835306cc157cbe516e43018d,ruby23,upcase,256,268435456
fdd8d5b766e3e91dd22de4897221b529f85e8c04635c97fb7eaff9ebb2d00057,ruby23,upcase,256,268435456
8c68e6c65d44270d20fa52980671e538708853b2fb4f71a1d7b6a55bd03afef2,ruby23,upcase,256,268435456
122030ab528b5b9b380163083fea702d51d0615f5c3584ebc18485d17be7ac85,python,hacking-con-python,256,536870912
5355560ae37d7ce7b266cbf23355f7776a6f6cd9cb6a9362c6e241938f3487f9,python,hacking-con-python,256,536870912
fdf77aba512d17337291d644aaa75acb4c4cb2a18dbdf0f9aa5da318a73b2d71,ruby23,upcase,256,268435456
284926865a5d50f582d768e20233b8cf41e446976e1cecb128eb54cfb9ae6506,python,hacking-con-python,256,536870912
e4901aa21da6f5967e2758d1c420cc98fed13385262978692ce485cab6461add,python,hacking-con-python,256,536870912
5df157d2734fbd984770d94dd7d6478452ff440a58432f22464e917404d0c251,python,hacking-con-python,256,536870912
14da741b87fd9d5dcb718e33854523a144cd0723cd26c3c3830ff47b6f24aec6,ruby23,upcase,256,268435456
faf70254d5931b08b34f71859b8b949005198b186c9a5e9f842ae3eff31d1428,ruby23,upcase,256,268435456
01686346348fc8b74c65cd685bbee247a09fc141f35d7e141fdda72edb0333c8,ruby23,upcase,256,268435456
0e9db7645b9a77132f8d93b01724c50fce717d893c8f9915cabdcafdb0ef89a3,python,hacking-con-python,256,536870912
b80e598e6d3af2c612db8300ca29f914fd7d124244f53ef888b2420aea579f24,ruby23,hector-paz,256,268435456
ce24fb70047a21139f747fbfac195f9b1996886845a9dfaae8282bb50dd7c054,laravel,bruno-morlupi,256,268435456
5a8788a55ef010c6eaa13b3ba07f724867d5e85c4c9179fcd138786d74c80af6,python,hacking-con-python,256,536870912
b5fa43f59fbf107a0973fa89f04444d43406c630605a7e0b3ea5ff1c2af6da44,ruby23,nordara87-gmail-com,256,268435456
b4aa75dba0072b6fb8059f8eed204b38f3963d957b80cc006f7512e1a44412eb,ruby23,nordara87-gmail-com,256,268435456
8facf2bb3c2b2a8d4d088886a9f608f7464fcaa50f03e71ef182bb77da6b5471,ruby23,nordara_87-hotmail-com,256,268435456
d7d6b8ca5bb23e991bdfef115735e24977b1f074cdd78d86b9d3802cf74e7d9f,python,hacking-con-python,256,536870912
e081c9baa81b85aca9bd59a27dbb93ed904c057c2de079ea76d5d2f459300d1d,python,hacking-con-python,256,536870912
0a29e16aed2ab78f237d64a8d05835134a103c87861d56c8aea0893eaa666ec4,python,hacking-con-python,256,536870912
aec80a03e07112f0229502e40d4bb1c2e4776bbb8a99953afc7e886e0d004d3f,python,hacking-con-python,256,536870912
f186e24ef304b052cab45f8e6d35917be0ee0a1a89115b3be90b203a3ada7f12,python,hacking-con-python,256,536870912
e1375e3c807d5eb436c18bceed35037152ce59e7851fe630144c496934375f80,python,hacking-con-python,256,536870912
9286b5c70b7139a394d0db8931cc3c0e25e3efe49dc2711252d22673bb283152,bash,algo-gmail-com,256,268435456
8999e4347b704ae18506e34d68c399d725a95fdbb192a41031a256ad55de0fdc,nodejs,ymatagne-norsys-fr,256,268435456
34f867a5705f99d57c5bb0459403eac886213986d1c9b1aaed39838e5042857f,python,hacking-con-python,256,536870912
65c9086130ce05f458e00e5151801df71429af74752860706ee3b9062986fd2a,python,hacking-con-python,256,536870912
0e536979ac28044442670c289974f68a00a8e2a5ace5c18b8285d29ae19da349,nodejs,ezra-7cups-com,256,268435456
fe1e71b116884a5b5de5cfd0d4b1d4255638aed5bd1331a5402b89377b3f0f0a,rails,argenis-rincon,256,268435456
0ad16b01dd9ace09a4467f470c746f57891b8e8c7de1eb3273415fdd4c58a821,ruby23,argenis-rincon,256,268435456
bbaf5c9c3f1f85227a10ce62bb958b8c5df1d201343c7f47f268a63f2188dee4,python,hacking-con-python,256,536870912
82b981a332a2d73c9e278ffd51572db946d51dc26f23047265a71aef4ba87344,python,hacking-con-python,256,536870912
37a1d4407b82443f094920786645607d134561836ee44c3e0b2285baea402e97,rails,lyuviorth-detquizan,256,268435456
d1e3134bfdcdb1ffa1e63286615f4862d75cbd4133d0b4e7c9610c33bd7311bd,bash,moshe-bobmail-info,256,268435456
faabf59305623c7824164a5506fe42956445d47e33cc8a2bc4e51a89ec245a2f,python,hacking-con-python,256,536870912
1c5f3c0b666996eb28de8215522ef64d09ea6d9ca6a64c9b11399f2996306645,python,hacking-con-python,256,536870912
b6a25ba888f943f3d6608b6859bb226d90d8ba3443d0e388f2284546c759db9a,nodejs,jhon-salguero,256,268435456
5400b86693e1de38160ecab30a616d20948863fdd1628f995fe593904ba836f5,python,hacking-con-python,256,536870912
ea036cdb76487291bf7d1dc3aa815c1d73996fc7197725c4c94c62540e9c029d,python,hacking-con-python,256,536870912
1721b6b34cc9ec4c844abff8c40919f89a39965652b1cdacd1a413ef13802bba,python,hacking-con-python,256,536870912
37f40628c7e8452ffba00eaf87a0757710a7d01777f5dcb4afd05100849261bf,bash,reclamos-gmail-com,256,268435456
8596ff2c064db5665d635579fe905d07d406812361a806a62ba591d2a19f06d7,bash,jpacorasilva-icloud-com,256,268435456
fd65683641512f89feacaced6428531813c2109be15fac07601f9a4bb3c1a940,python,hacking-con-python,256,536870912
c748fe4697539738e7e28c1ccc4901f439c20c1e6110858f5447b4e7ad434b23,ruby23,rios-isaac87-gmail-com,256,268435456
5978d47c32da65f8645f54923f8b0f23ae66d60ce4ef7d1669b9d2a97b790842,nodejs,cypress90-gmail-com,256,268435456
b4be394b7a5ed556ab12332df3e88db90246a87efff7a7d818ee184ada7e26bd,python,hacking-con-python,256,536870912
627191a9f7567243117e7e70212bf15070614a68fdb2fd9ee33983c4a8d67a73,python,hacking-con-python,256,536870912
c474af47371474576ebbb935ee2de7fa2aa9b03eda8091457b975c51c4e17ad9,python,hacking-con-python,256,536870912
5e1bd1aa79e83e328cfdf11ce82da4fc669a929d1e479b44ec35e41be7817732,python,hacking-con-python,256,536870912
86d9d9764cf50138c14d1265e62dc2695d3e86da4fb45ec25be7134381568da9,python,hacking-con-python,256,536870912
67b8c24cc8d4ee144f9d3e54107d41671d7c9e3051561a61ba33c5d9f476356e,python,hacking-con-python,256,536870912
394c3fb5e5ffd0a49f490d70b132c4bdda125caa8c79d194eb54878642a53dde,python,hacking-con-python,256,536870912
9236e660cf2714d790ee21df6f7b3cfa18d570c603e86fbe25bf7a938af4abd6,python,hacking-con-python,256,536870912
5a3d1ddbb7c16b58877ecb54da89333152c971f702b70896637c410bc64a8b38,python,hacking-con-python,256,536870912
089411f254e9c4080239b2083ced4bc117f802606ac1b3cd0b90cdab146c0ffc,ruby23,manolet-test-gmail-com,256,268435456
87514cf4b8543021f37677463332ae3cdab66a2f630f04d94f1f4019a00b28c7,python,hacking-con-python,256,536870912
62512178fafcca925f83dcd0b8ddaaa66fba61a94fad0f2ebc63f9c33bdf85ab,ruby23,aaron-lopez,256,268435456
76b7b322773bf9e2313889facf37f890dbb46711ebf61d25db5e79ecfb865143,laravel,alanzabalegui08-gmail-com,256,268435456
400273a7f9002b53099ca30cdceea4740f3bf49bca1881d293759ddc4a7a7bf6,python,hacking-con-python,256,536870912
fb1919f84464d57f4f4a044a89bfab2b9dc411624311770d0d711aeb10de2a9d,ruby23,jesusdelcaro-gmail-com,256,268435456
bd7ac8e7f01e0163b26ad750c7d91d450d259762983dfa548571db233e981988,ruby23,montoto-matias-yahoo-com-ar,256,268435456
49ab359b3fe50c27b510c798ffdc14a26b1c4ecfa2a1691dfca5a39df2373db2,python,hacking-con-python,256,536870912
49e4e4f43d04b872866e62e31085ae330e75d4f92c3da2dad2d545d7d63076b9,bash,manzaly-shay-gmail-com,256,268435456
28d3d42bd03efd905f9d969cd6291eefa913716654218f5798e565514f072a00,python,hacking-con-python,256,536870912
fbbb7834a9979712249e1b066636ecbf4bb211c2ed06ebc46f53d8dd26de3da1,python,hacking-con-python,256,536870912
f261b5caa27d8fd6c7a19522e43d34d6ba7c60593c346dc20077dd89574a1bb5,python,hacking-con-python,256,536870912
58a1598bcd982ba877056355ed9d3568bdbe4d770a7d7caa6ae73c61f322d893,bash,biwdtv7bta-bv7si-anonbox-net,256,268435456
1bdbc95d33c3ac38f85eba8204a1159a08ddf4bab06436ece801d245cf5780e5,ruby23,upcase,256,268435456
e3177d889907c84b6aae584096030cec36728e2b73145e1c668a60a712188dd0,ruby23,upcase,256,268435456
61cb0b2fca4962c6b6c04cc587ae8591e9b315ac248e6f7a96462bea7a060b7b,ruby23,upcase,256,268435456
4b9b4d8ae6c6683c890ab0462d65e3226a70efd8392b1d4d09e902d9b024bcb0,ruby23,upcase,256,268435456
9b45cbddbd0c31cd0872fe8f8bcf3e89119eec752742539ee1ebe012f463e054,php7,jesus-soto-helicom-mx,256,268435456
4aedc40768fe011eb1fe7734ae257cdd4092559256375a2c1d7366a63fb73cce,php7,jesus-soto-helicom-mx,256,268435456
6ca388ec4200360844a95f5e77c2bb7777d0f81583c35fea83c4bfd69d598ed1,ruby23,lyuviorth-detquizan,256,268435456
81dbf72eaba9e1a21faef6731926a5559b1fcf04b092209319302b0dc7ba8785,ruby23,upcase,256,268435456
b9015dee0aefc67aa49543f7b5ca7382924227adeafeec7b7b291744668f23e4,ruby23,upcase,256,268435456
a9714a49cb232cd8a1efdb4975ad4314c6510eff40d1c6db54900593dc0891ce,ruby23,upcase,256,268435456
f450db4ee442613f5a3b0890b8321f5a62530309536b2a3190c953651b7c4e5c,ruby23,upcase,256,268435456
30c431cc8f1e0b114dfb528442b78d82e44be9e6630a9f6508c407fe300a0c20,ruby23,upcase,256,268435456
9b6da52fa8778e5a89c0d3c27e3211ec0751f25f8f27cd1383c894bbb88fcec6,rails,anteodt5,256,268435456
b440a0f910800741c40ae56e209bf07e29eddaabb4b89911110e20f24ad4c30e,rails,anteodt5,256,268435456
ec1714d80b9b3e0263f579d1914244c9cfe2b920a1c002bd9e3422a966c4e32e,ruby23,francisco-campos-diaz,256,268435456
5d5f69b413e067c569791c1623eba899c3077f1b4dd918b2a12c5bc0569e7234,nodejs,ignaciostylex-gmail-com,256,268435456
5f8e680f4cf0ad0a1638a855146bb83bd53d25211544b453129821a932dded93,ruby23,jruiz-gss-com-pe,256,268435456
15bccffc3e1767ed132fec9d57610234ec1107d05540f75c3f1e01f756c46c1b,ruby23,jruiz-gss-com-pe,256,268435456
ef8480f157335bcd8dff59d2f55a94003d7377dde3448f5ee1b130eab559fc99,ruby23,jruiz-gss-com-pe,256,268435456
57da61d58a99b3e2c4626dd7423b1568705056bd0486e127a2aa8b8a117a4dc7,ruby23,jruiz-gss-com-pe,256,268435456
ba4407475c437b0f04dd8a4466e8375e4fa0920f9ec469163d763b426323346f,ruby23,jruiz-gss-com-pe,256,268435456
12194a3cec0a4523c78930e778b871de689d479997c7fd8dbf6e9cf571817462,ruby23,jruiz-gss-com-pe,256,268435456
9adc221833a7ec4602de91d5c817372ae9b8553d6a795fee98af80192f107e70,nodejs,andre,256,268435456
81923ded44b397827b4abea3f44ee867bc8c4214999770631029ed0adeafb213,ruby23,hacksy,256,268435456
8e1245316e396854677b4994ec5a82f2cc40c0c77117f196f8524d6b0ec3d837,ruby23,ingrid-dariana-patino-gmail-com,256,268435456
7867cb90db066890c7147caec66d2e2ec5203e360803c82b0f53a3dc72ea31af,bash,claudia-cordova-y-gmail-com,256,268435456
ccae90c715d38b551cebcc02fa820a836bb837e811d23701944f913114546015,ruby23,ricardo-sistemas11-gmail-com,256,268435456
a39e4ed220d8b52ada1ef719e2e0e4a888aaaba891e30bb4223f97f62ff0abb1,ruby23,dantrix2006-gmail-com,256,268435456
b4bfbd3ea8140709c3d36c9e31863fdaeb4d4215189727bcec306a47ec62e8c4,ruby23,pillihuaman-nieto-gmail-com,256,268435456
65557d7510656d38bd3e923ded6333fbc882ed5e4e7b001781d4ad322dde53e3,ruby23,claudia-cordova-y-gmail-com,256,268435456
a5c1d10d43eee10a2b3b010762873577a19ec28fd128e6902eb4761b6af93a52,ruby23,pillihuaman-nieto-gmail-com,256,268435456
bffbfdbdfd47073365edb9bf51b6d94cec90d27ebcbe5b3484002b2806b16412,ruby23,elias-alejandro231-gmail-com,256,268435456
98b11403e21a635dc22f4fb7624e798fb7f043afaed6a4d3b756f1bbf6763c2c,bash,elias-alejandro231-gmail-com,256,268435456
7517902793fb19971d278a52d0b7376d548b195c076696b64cb8c01999ea7dae,ruby23,elias-alejandro231-gmail-com,256,268435456
f5ab8f8a7b3a9e20ade8e24690a9e66feb7d54e540606b6db2cde1d0c189d9c5,bash,yilongtech-163-com,256,268435456
085699aceafc4b9385cb1837eacf1892220a8844e49f272853a818b35d617794,php,josh_chow-163-com,256,268435456
a9a997d29a61514d4eabd9d690700955e33fa332879946e385edf981db4050b2,bash,blake-gulick,256,268435456
47ce9e5c3459f22397299b231692a2f41f306225d8e5de4016813016de6a47b0,nodejs,javierochoa-live-com-mx,256,268435456
163856300124761446fd202062143eb1e33461a2d08ffa5979736c9594dde865,elixir12,smolini-bitskingdom-com,256,268435456
36b1d239dc1e2cd78fc9497e6fa37b2abb9a4a783a71be2b7c7a05ec379e86e2,nodejs,esen-espinosa,256,268435456
69b6c4fab7e2a04f5762e043d9a684661dc426d6ab8cedd41a86d644800e8c88,php7,dev-dertin-gmail-com,256,268435456
f315c13376d7ef81e68cd4067251a1dfe301a389309f91a729a1439436ac3815,ruby23,diegogomez211990-gmail-com,256,268435456
temp-228422-1460238417,ruby23,diegogomez211990-gmail-com,256,268435456
8152294c8ca1c909c3c91954c53f53ebfdbb0853a7001c4318314a9c825821ed,python,grantbachman-gmail-com,256,268435456
9d68d23a6872be357e0f752d942311fa98fd1e0133f4286b5cc3ae7bc0c0b8df,go,pedro_omar_glez-hotmail-com,256,268435456
2e666fbdf4969ea237dceeff9ee2e94e9f29513f311091a225a8029c573168f0,python,jonathanmedina60-gmail-com,256,268435456
b9cd5cbb9a6becfd1773490cc26c0e4232ad8611ba3162cca82340a5a136d00e,elixir12,jenvandark-gmail-com,256,268435456
d742efbdfe66eb8b9da32688cd39402862b2b0b3e7f81267e902d25c42a40a86,php,jenvandark-gmail-com,256,268435456
05d064aac05a10b5f7f1a747b69948a95497c54dc014445c4ae48e58bca4383a,go,mimicgdl12-gmail-com,256,268435456
8b2d09bb5789389df31335d216261bf45265e1f1f43bcab18e05bccd3a7170fd,nodejs,santin_25-hotmail-com,256,268435456
2f21eaae5b93038e8045fd90a83f77812e6aa664dfd5ccf0cc3788ad576b99ee,mono,hann-rams,256,268435456
8a29b120bdb1ab7843f6302271a407dd9dddfcf532c11a6ef1e2db70ffb624d5,go,jemedina-96-gmail-com,256,268435456
4de632992481bea1ff23652ace00205f8a4af12e994fe08f63c95a0e88b7a013,python,ppaulusma-wouldyou-h4ck-me,256,268435456
409d111944d1940ff4542eabcda6a7eebfbe5f72a9adf5e87f219a039c0721c7,bash,jmanuel1707-outlook-com,256,268435456
71b46d57cb311b55802e0620551690680b609ea2fe05a15723cbdb878f1a49be,go,javier-riveros,256,268435456
1b729257bb7faa36b78158ead0bbe5b632b99b9ea18362cb2d4f33f0e6bb6a64,bash,jen-andre,256,268435456
96a3e2a22108c7d0be6a0f0a93c2276ae08c899e7eae1c32b8cde4e58d1feaa4,bash,jen-andre,256,268435456
bf641c075c7e0972d31257a77021cabe6490ef3fda8d12a00481ff12f2baf5a8,nodejs,trybikk-gmail-com,256,268435456
632bf070ce69592d1e36409546b2e383f1c3d6e8bb1638a190697f9b07f1d05f,bash,john-mckinzie,256,268435456
50b43ec2f0d8e548cc112d84bab43663460f3ee044ff438874195360f4763a06,nodejs,c223285-trbvn-com,256,268435456
9c2c39c87ea54e3f2ae5a803077fedabdde962567df02d15fe87613a89b43851,bash,ynonp,256,268435456
614e0c22ffec664fd06d3e81f7372f890f2b2292e66b5964eef8e0ecba51be2f,bash,sasha-neftin-gmail-com,256,268435456
835770027496ba9aa74693f5a24a2c2a83afe2680e7dfa45a8067339548af9d2,bash,guy-shechtman,256,268435456
e559a9748271381b60ebdd34b6bf3aa6771b565ef8e7b07dfefd797cdbc7395e,nodejs,yeisonjose,256,268435456
cff837566be612de2161538852a2c0a13aa078a10e6ac84e988106d0bf10e5b8,ruby23,israel-elias-salgado-gmail-com,256,268435456
a6c92d2e506a72dd683aa4ec37dce49d9d718eed1e8d50af147f3b9901a1ad72,ruby23,victoria-ubaldo,256,268435456